,x,y,z,Classes
7V8A_A,233.00689788133593,193.74725805955538,287.3134254297832,3
7V8A_B,232.95194276152628,193.57379194076276,287.3145248,3
7V8A_C,233.10615908049886,192.99985814638714,286.4577788145918,3
7V83_A,232.29116680288413,192.46392882551277,286.4101148243305,3
7V83_B,232.28264663398437,191.0752876493248,286.00478317410165,3
7V83_C,232.4455397069614,191.86637271153418,286.2962577638335,3
7XO9_A,232.4506585979598,191.11008186119912,286.17684937346064,3
8DM9_A,232.79705300339947,188.18270810511598,285.34702748186436,3
8DV1_A,232.15371875289583,191.93139704413193,285.6804261698111,3
7FEM_A,232.74211648026395,195.03785282902615,285.6330817706162,3
7WK5_B,232.2104019163254,191.14620234490653,284.12633292129647,3
7WBL_B,232.4493190881519,191.64036315427518,285.86331972687003,3
7KMB_G,232.42042440138195,190.85906331940214,284.9053957,3
7DF4_B,232.07038857148436,191.7366461174931,285.45544382931934,3
7W8S_B,231.94802714324558,191.43915594259963,285.00440489217397,3
7R10_A,232.21086959626297,190.66371206702559,285.29169114002076,3
7XA7_B,232.9010576106131,191.19858306401147,285.84348954773156,3
7XA7_D,232.85824969773083,191.16753421791128,280.1244363138726,3
7XA7_F,233.85211291183455,191.4309836391768,282.59197921699973,3
7XA7_H,232.27174369393109,189.59289900070894,284.13794742164634,3
7EDJ_A,233.2390240050128,193.07822310316848,286.1398399158219,3
7EDJ_B,232.50443932573774,193.22445088254685,284.9834835,3
7EDJ_C,232.8169748904411,192.29219064742557,286.55952168450705,3
7XO6_A,232.6001580554732,187.49799425680905,285.09217645734174,3
7FDK_E,231.8449695209864,186.71643347966176,284.4940807976979,4
7PKI_E,232.50504395392412,192.2126653129435,285.3224114167295,3
7YR2_D,232.4950157864298,192.26342982581866,286.2465364131709,3
7XOC_A,232.37969953872928,187.51037227639296,284.76010472548154,3
7WVQ_B,232.34059632829732,191.98151091843138,286.3813285283528,3
7A97_A,232.80130136861226,193.66941171822498,286.71973988334963,3
7A97_B,232.8134574806723,191.7532833729289,285.9887147963913,3
7WBQ_B,232.7902155791211,191.62833050098448,285.49830913123833,3
7WBQ_D,232.4921613978145,191.2876643897059,285.04862686338186,3
7W6U_B,231.4159269,191.21437136839933,285.0144828972669,3
7DX5_A,232.1959885204228,190.1829481206799,285.1582775823494,3
7VXM_A,231.95721370699843,189.79881499680098,285.5362833487997,3
7L7F_E,231.91478862135023,188.3570868475168,283.80981084594197,3
7L7F_F,231.8989577423678,188.81323226963877,284.0055579126678,3
7KNH_A,233.03339611809898,191.44892158697968,285.2609004313973,3
7KNH_B,232.52879517414507,190.89527948109657,285.70784326189505,3
7EKE_B,232.96600592504734,191.20377358541862,285.3298136740091,3
7KJ2_B,232.1754172902846,191.55047943457205,285.7952913926472,3
7C8J_B,232.58281843809056,191.57862174472217,285.6321651625862,3
7VXB_D,231.9421216071263,190.74331604445308,285.38849543753827,3
7WSE_B,233.24575380154215,191.22626757330892,286.3083167389106,3
7V84_A,232.5889959099907,191.34476470837018,286.2510209591958,3
7A98_A,232.8874534462077,193.48950248943828,286.6454840109183,3
7A98_B,232.73321144974648,194.40698582046105,287.15032269456856,3
7A98_C,232.78559501689537,192.69174983275028,286.3888199704279,3
7FC5_E,232.9358193782014,190.19044250018257,285.1231451707399,3
7A96_A,232.86060787860828,192.89466319314567,285.9353486717773,3
7WBP_B,232.97386164403588,191.0854594688783,285.9405228665605,3
7YR3_B,231.57749466995085,179.1406272949538,283.76184201928436,4
7YR3_F,230.96025450499033,175.7744946118286,283.0377703245749,4
7WVP_B,232.19819757136818,191.13364687239255,284.12449002372415,3
7XOB_A,232.14405822521343,187.42692828721158,284.8239563921435,3
7XOB_C,232.18270972657336,187.80926926556344,284.9355569871947,3
7W9I_E,232.38772218538406,192.48733764151078,285.7645489973744,3
8IFZ_B,232.50818390478568,189.26766930895775,284.9087256476508,3
7UFK_E,232.6616498288982,189.91499712902856,285.1990502797542,3
7UFK_F,232.6891897949526,190.12472038611358,285.4999225406672,3
7KNI_A,232.62055159534256,191.67620653965977,284.69280688342343,3
7KNI_B,232.10818023284293,189.4292731375511,284.25085313151084,3
7KNI_C,232.35800013907868,189.12846504917687,284.7867985860416,3
7C8D_B,232.62139768146548,189.94198882826552,284.64083360735134,3
8FXB_E,232.81543486220593,191.24982364995074,285.3840449489054,3
7F5R_E,230.82530258265635,192.22272804367364,282.0663574562509,3
7F5R_C,232.76598919065705,194.60850580151234,285.00244321676166,3
7F5R_F,233.29326930535504,192.49723538197821,285.63257617010373,3
7DX4_E,232.11802403894376,191.95939423548404,285.1563272072009,3
7DMU_B,232.77558389413892,191.40540296277823,285.2789303384785,3
7DMU_D,233.06485701502754,191.73547662869248,285.6273352688605,3
7VXC_D,231.93680490128796,190.76016550012275,285.40216981969525,3
7KJ3_A,232.22697266043983,192.3196968,286.35199575154803,3
7KJ3_B,232.05991166206857,191.5442319956751,285.8484223302953,3
7E3J_B,232.11002316266348,190.4338856112951,285.0862952131204,3
7V85_A,232.5750352815176,192.29249282143994,286.3885635690157,3
7V85_B,232.83178980381936,191.44143912251957,286.10424368941153,3
7V7Z_A,233.08453111210807,190.75577905981348,286.1262264796596,3
7V7Z_B,232.76958042862344,190.90998004951584,285.56489275798754,3
7V7Z_C,232.54289787813573,190.08329907036648,285.74788726059205,3
7Y76_E,232.63407722475552,191.86023246802188,285.6660778524092,3
7Y76_F,232.62338672962628,191.79452944823606,285.5995631299359,3
7YA1_B,232.46825537193428,190.74532867144723,285.89685410611975,3
8DM8_A,232.99895610712866,187.7853311228047,284.8647971362406,3
7XO8_A,232.62088001417143,191.8862028536099,286.3688411790956,3
7XO8_B,232.4507040822831,191.10853257064858,286.1767092,3
7XO8_C,232.45086554441076,191.1071529040177,286.17580247579747,3
7V82_A,231.93201153750303,190.96030696260325,285.52140938276136,3
7V82_B,232.20721606249637,191.23952535483093,285.5830283304469,3
7V82_C,232.48226812279125,192.73802171368845,286.61289206312085,3
7WK4_B,231.07147918700133,186.8144952928688,284.2943747254114,4
7KJ4_A,233.8297545092371,191.72882139189127,285.49314495336773,3
7KJ4_B,232.45807345463066,191.10190649259633,285.7325388404704,3
7KJ4_C,232.68221099332334,192.35502775318037,286.1650721616466,3
7VXD_A,231.92884052435895,189.81659767395485,285.50526581158164,3
7R11_A,232.22584465426235,187.92423792778015,284.62229415281337,3
7EKC_B,232.93233834659063,190.32227570888938,286.00085606808994,3
7UFL_E,232.18287275673586,187.6275950072808,284.5999040744891,3
7UFL_F,232.76055104502768,189.54368827312035,284.90418759511493,3
7VXK_A,231.97609080690822,189.77578022487043,285.53465370247227,3
8IOV_B,232.69853032332136,190.28112687752272,285.57787078283746,3
7VX9_D,231.9285825288779,190.70969355669814,285.3869468790431,3
8DM7_A,233.20960236861205,188.1461202083335,284.92663741622687,3
8DM7_B,233.11685026095907,187.98078652114205,284.87798192974236,3
7XO7_A,232.49665863383368,192.5195413249812,286.53500193908593,3
7XO7_C,232.11420718412958,191.33285556615405,286.28799687254474,3
7YR4_D,232.2584478840517,189.51159371264774,285.1215242609287,3
7A91_A,232.5038318,192.36422346175033,285.7642722453171,3
7WPA_A,232.11130922636312,189.2399329789419,284.54641399039315,3
7W99_D,232.85726270253085,194.47866727115826,286.99697430131476,3
7YHW_B,233.00304450416422,190.84077715146435,286.4248541585777,3
7EKF_B,232.67379210332132,189.73248374480593,285.3021236754403,3
7CT5_A,232.00462232658793,189.37735275728363,284.0164655714741,3
7CT5_B,232.00067544569814,189.33870623184336,283.9934186769216,3
7CT5_C,232.00140040171956,189.34018778357745,283.99391816822026,3
7XBY_B,232.50847114999118,189.0060593246236,285.38356649752234,3
7DX6_A,232.19623034478184,190.18274856499661,285.1586361,3
7R0Z_A,232.54693818079414,191.06321726357604,285.4878278494904,3
6LZG_B,232.6570527931502,191.24346454912234,285.65288355215716,3
7A94_A,232.6458718633111,193.29167623764192,286.3625724949935,3
7V88_A,232.64552346667477,193.06939758834622,287.2598477740764,3
7V88_C,232.9746092755139,193.99935933423083,287.62790423710726,3
7KMS_A,231.73972652267352,189.55843064908336,284.330561,3
7KMS_C,232.47662460490088,190.0463028043224,284.77328707488283,3
7KMS_B,232.5099103306821,191.2144520924081,285.02355378487454,3
7V87_A,232.77673973863497,191.91037438270584,285.76745210409916,3
7XB1_B,232.54548204604507,190.88266788646584,285.81555922062176,3
7WNM_A,232.94694723910305,190.38652333723513,285.94158313761585,3
6VW1_E,232.97019180773023,190.6970853055293,285.50619642961783,3
6VW1_F,233.03653677216656,192.78169832237018,285.47085627363424,3
7VXA_D,231.94055439983612,190.7250655477175,285.38377722730246,3
7DX9_A,232.20080456923768,190.19035139306754,285.17223069395317,3
7DX9_C,232.1650316846795,190.09512797164274,285.1378467740473,3
8HFX_A,232.35195761848502,190.3574179512011,284.8834002773582,3
7WK6_E,233.0853458189342,190.50423685876808,286.17539542588685,3
8DV2_A,232.67681712396282,191.3450628077642,286.181547,3
7W9C_D,232.9238132070486,194.36346943577868,286.6676033027303,3
7VXF_A,231.9586638540535,189.81626771254338,285.5572859626238,3
8DF5_R,232.9326319497992,189.71646405646135,285.2414306437633,3
8DF5_S,233.3563481546786,190.26850679991128,285.53770692410365,3
7VX4_E,232.4846744338794,189.93997980248147,285.2027964668929,3
7FDG_E,231.92912791160276,190.0077881806732,285.48270035595374,3
7V80_A,232.93392353244903,190.51630687497342,285.6527308940759,3
7V8B_A,232.94226051858706,191.8106011998133,286.18306089501914,3
7XO5_A,230.8389006696074,185.8024218,284.01801833435326,4
7FDH_E,232.25246129860182,191.3532076602115,285.31290324012116,3
7WPC_A,232.89094497800545,191.11876440017943,285.8124831,3
7R1A_A,232.3225929366045,190.1805060056368,285.3016903630545,3
7R1A_B,232.47711670097462,191.04058853525305,285.4951052213312,3
7R1A_C,232.4430503567957,190.96795913234342,285.50503088511607,3
7XID_B,232.26220201342497,188.43171268220246,284.44436205995936,3
7XID_C,232.27747998745568,188.40107689228364,284.4424330668303,3
6M0J_E,232.6407474215682,191.25752393332067,285.8413586828906,3
7SN0_C,233.1446043498506,192.81134963098052,286.61112820618814,3
7SN0_D,233.15019047904062,190.58834206111547,285.28328555104673,3
7YJ3_B,232.87976210345732,191.16713200856546,286.29292831982883,3
7VX5_E,232.37853423054605,191.44913120653396,285.17296658646916,3
7W9B_D,233.41171251702718,194.31432434058723,287.12258606849747,3
7KNB_B,232.7053809,193.1896177784082,285.4192468062624,3
7WA1_B,231.89957719240903,190.4967350547808,284.5527171553375,3
8HFY_B,232.62138675626352,191.0366415519646,286.15476547200086,3
7V81_A,232.38037898858994,191.15467001993986,285.6272778291285,3
7V81_B,232.16418349341703,190.84305519147603,285.7716638078567,3
7KMZ_A,232.53595126149037,189.5618665858067,283.9760452861642,3
7KMZ_B,231.88633050656733,188.62306794355393,284.20732315347493,3
7WPB_A,232.77379718220735,192.07180189589778,286.4807529078334,3
7BH9_E,232.25064502736257,191.6305271550958,285.7597230839888,3
7A92_A,232.50320431484283,192.36342297277082,285.7638523918194,3
7XO4_A,232.58891988228615,189.33952656226927,285.5380632825807,3
7XO4_B,233.62483982279818,186.9349453539244,284.9383268973977,4
7FDI_E,232.34816425216835,192.09900910838724,285.76133605116416,3
8IOU_A,232.95275431267248,190.9308076097497,285.60118523506617,3
7R12_A,232.56731773952902,191.2730622057207,285.74253808423396,3
8SPH_E,232.74366844552395,191.11591968477845,284.8608749532786,3
7L0N_R,232.87419055357296,189.1313468,284.4679230894994,3
7L0N_S,232.50230193898557,191.3747235364482,285.07451404876724,3
7DX7_A,232.19617682393707,190.18321786592708,285.1583525821693,3
8IFY_A,233.61220144222546,193.65052773281485,286.99804494096327,3
8IFY_C,232.04106279392354,191.7641805526593,286.64154292989235,3
7W98_C,233.09090806078666,193.09796328660093,286.67761182340115,3
7EKG_B,232.94743819799623,190.2385812203164,285.3844801296665,3
7XOA_A,232.36433083975814,187.55998449045137,284.76166949354615,3
8DMA_A,233.14148332998946,187.35103142162896,284.9903918223242,3
7TN0_I,232.91766111416263,190.83618643288435,285.8442128145046,3
7TN0_S,232.91749869066606,189.9943909998825,285.8865213185246,3
7WSH_B,232.42267667598213,189.71888457218986,284.9173172565894,3
7A95_A,232.7174658297912,193.16434857801707,285.8885381239629,3
7V89_A,232.62010449092278,193.46600283826723,286.85704970744024,3
7V89_B,233.31911529008534,196.0451927687872,287.87066273635435,3
7V89_C,233.31127647272896,193.21045741208337,287.2973926670604,3
6M17_E,232.45383682550505,189.62820775783393,285.07535855790474,3
6M17_F,232.45431722434773,189.62712674024172,285.07565938144467,3
7Y75_E,232.53264694085814,191.20176936362446,286.52872687012604,3
7Y75_F,232.5201955501421,191.1909696411931,286.51407763514504,3
7V86_A,232.5843472375766,191.35928101447467,286.4125812835428,3
7V86_B,232.93440011518584,192.67240691339185,286.4381384667816,3
7V86_C,231.99223628663228,192.56504833464044,286.12263209853967,3
7YV8_B,232.75518686303738,189.56915454338323,285.63027878562764,3
7XB0_B,232.8111369899588,191.5402258777172,285.8943247848568,3
7DHX_B,232.73604080815548,189.79556821839955,285.4235971629656,3
7DQA_C,232.41081951174388,191.32771100061822,284.9496071,3
7DX8_A,232.2032404,190.16377520257572,285.16454684813465,3
7DX8_C,232.20312673854968,190.16435230708015,285.1637681772451,3
8HG0_B,231.8467369345048,192.6341961296285,285.7987323576892,3
7XAZ_B,232.74353965364537,191.56184237110432,285.9124519595641,3
7XAZ_D,232.1526849351877,191.3508911921799,285.8875799439441,3
7KNE_B,232.61797063738692,191.13737870231384,285.1632654099292,3
7EKH_B,233.0818441212449,190.98412412375117,285.62657523513303,3