K,Gamma,Structures,Occupancies,Transformed,Variant
0.1,0.1,"['7N1U', '7N1V']","[0.5202240925152974, 0.4797759074847024]","[0.4964457233057351, 0.5035542766942649]",Alpha
0.1,0.1,"['7N1U', '7N1W']","[0.4979956008435865, 0.5020043991564138]","[0.460353860294626, 0.539646139705374]",Alpha
0.1,0.1,"['7N1U', '7N1X']","[0.4626618083683878, 0.5373381916316122]","[0.4029832380989341, 0.5970167619010659]",Alpha
0.1,0.1,"['7R13', '7R14']","[0.472399648053227, 0.5276003519467732]","[0.4187943323072123, 0.5812056676927877]",Alpha
0.1,0.1,"['7TF8', '7TL9']","[0.5751475920174323, 0.4248524079825678]","[0.5856236778605421, 0.41437632213945785]",BA1
0.1,0.1,"['7TL1', '7TL9']","[0.6965850049170552, 0.3034149950829448]","[0.782798661009513, 0.217201338990487]",BA1
0.1,0.1,"['7TNW', '7TO4']","[0.629116869044436, 0.37088313095556413]","[0.673252284517022, 0.326747715482978]",BA1
0.1,0.1,"['7WK2', '7WVN']","[0.6595182075502513, 0.3404817924497486]","[0.7226142007869701, 0.27738579921302986]",BA1
0.1,0.1,"['7WKA', '7WK9']","[0.7725837561707798, 0.22741624382922032]","[0.906195990876728, 0.09380400912327203]",BA1
0.1,0.1,"['8H00', '8H01']","[0.5531375899127247, 0.44686241008727534]","[0.5498865710622303, 0.45011342893776973]",BA1
0.1,0.1,"['8H00', '8ITU']","[0.5984051693645474, 0.4015948306354527]","[0.6233864423332489, 0.3766135576667511]",BA1
0.1,0.1,"['7XIX', '7XIW']","[0.7066607467495153, 0.2933392532504847]","[0.7991583987426516, 0.2008416012573484]",BA2
0.1,0.1,"['7YQW', '7YQT']","[0.7100363786877554, 0.2899636213122444]","[0.804639330480631, 0.1953606695193691]",BA2
0.1,0.1,"['7YQW', '7YQV']","[0.6966484036353735, 0.3033515963646265]","[0.7829015999713831, 0.2170984000286169]",BA2
0.1,0.1,"['7YQW', '7YR2']","[0.7255263108858824, 0.2744736891141174]","[0.8297899578467536, 0.17021004215324648]",BA2
0.1,0.1,"['7YR1', '7YQX']","[0.5898913777792744, 0.4101086222207257]","[0.6095628053479352, 0.39043719465206483]",BA2
0.1,0.1,"['7YR1', '7YQY']","[0.5809151224596789, 0.4190848775403211]","[0.5949882772093538, 0.4050117227906463]",BA2
0.1,0.1,"['7YR1', '7YQZ']","[0.5193131458999866, 0.48068685410001344]","[0.4949666413718008, 0.5050333586281992]",BA2
0.1,0.1,"['8D55', '8D56']","[0.46370428177222084, 0.5362957182277792]","[0.4046758768906047, 0.5953241231093953]",BA2
0.1,0.1,"['7LYL', '7LYN']","[0.5670372841996835, 0.43296271580031653]","[0.5724551676863392, 0.42754483231366086]",Beta
0.1,0.1,"['7LYL', '7LYO']","[0.5762056501049921, 0.42379434989500775]","[0.587341621125339, 0.41265837887466095]",Beta
0.1,0.1,"['7LYL', '7LYP']","[0.571715425657007, 0.42828457434299316]","[0.5800509525519035, 0.41994904744809647]",Beta
0.1,0.1,"['7LYL', '7LYQ']","[0.5907397157643111, 0.409260284235689]","[0.6109402311668013, 0.38905976883319876]",Beta
0.1,0.1,"['7LYM', '7LYN']","[0.5884826075010287, 0.41151739249897135]","[0.6072754192019254, 0.3927245807980746]",Beta
0.1,0.1,"['7LYM', '7LYO']","[0.5328388275520705, 0.46716117244792943]","[0.516927962748372, 0.48307203725162795]",Beta
0.1,0.1,"['7LYM', '7LYP']","[0.5675793904757636, 0.4324206095242365]","[0.5733353725037738, 0.4266646274962263]",Beta
0.1,0.1,"['7LYM', '7LYQ']","[0.5239797784441507, 0.4760202215558493]","[0.502543739494095, 0.49745626050590497]",Beta
0.1,0.1,"['7N1T', '7N1Q']","[0.4592609652070252, 0.5407390347929746]","[0.3974613715092019, 0.6025386284907981]",Beta
0.1,0.1,"['7Q6E', '7Q9I']","[0.5232904236885457, 0.47670957631145433]","[0.5014244508904055, 0.4985755491095944]",Beta
0.1,0.1,"['7Q6E', '7Q9M']","[0.5333651094235321, 0.46663489057646773]","[0.5177824738636807, 0.48221752613631924]",Beta
0.1,0.1,"['7Q9F', '7Q9I']","[0.5795726920349243, 0.42042730796507577]","[0.5928086054750881, 0.407191394524912]",Beta
0.1,0.1,"['7Q9F', '7Q9M']","[0.5549874838853568, 0.445012516114643]","[0.55289019905604, 0.44710980094395997]",Beta
0.1,0.1,"['7VHM', '7VHL']","[0.5434481508824652, 0.4565518491175347]","[0.5341540638233486, 0.4658459361766514]",Beta
0.1,0.1,"['7WDF', '7WCZ']","[0.49361431839046527, 0.5063856816095348]","[0.45324007819701906, 0.5467599218029809]",Beta
0.1,0.1,"['7WDF', '7WD9']","[0.6150188695400034, 0.3849811304599965]","[0.6503617045190904, 0.3496382954809096]",Beta
0.1,0.1,"['7WEV', '7VX1']","[0.518967115642728, 0.4810328843572719]","[0.4944048004323831, 0.5055951995676169]",Beta
0.1,0.1,"['7KDI', '7KDJ']","[0.6019380678599955, 0.39806193214000446]","[0.6291227239673349, 0.37087727603266507]",D614G
0.1,0.1,"['7KDK', '7KDL']","[0.5732670925874471, 0.426732907412553]","[0.5825703565276391, 0.4174296434723609]",D614G
0.1,0.1,"['7KDK', '7KE9']","[0.5255660558750695, 0.47443394412493045]","[0.5051193397003474, 0.4948806602996526]",D614G
0.1,0.1,"['7KDK', '7KEA']","[0.6049102810513596, 0.3950897189486402]","[0.6339486344666535, 0.3660513655333465]",D614G
0.1,0.1,"['7KDK', '7KEB']","[0.5770967341521311, 0.42290326584786875]","[0.5887884526888885, 0.41121154731111154]",D614G
0.1,0.1,"['7KDK', '7KEC']","[0.5876787352131853, 0.41232126478681475]","[0.6059701912575484, 0.3940298087424517]",D614G
0.1,0.1,"['7KE4', '7KDL']","[0.5277804364713814, 0.4722195635286188]","[0.5087147757882693, 0.49128522421173076]",D614G
0.1,0.1,"['7KE4', '7KE9']","[0.49340940069674855, 0.5065905993032516]","[0.45290735830583595, 0.547092641694164]",D614G
0.1,0.1,"['7KE4', '7KEA']","[0.5118993483326997, 0.48810065166730027]","[0.4829290380048058, 0.5170709619951942]",D614G
0.1,0.1,"['7KE4', '7KEB']","[0.5223094002192329, 0.4776905997807673]","[0.499831586867599, 0.500168413132401]",D614G
0.1,0.1,"['7KE4', '7KEC']","[0.5777963125612792, 0.42220368743872067]","[0.5899243411909695, 0.4100756588090305]",D614G
0.1,0.1,"['7KE6', '7KDL']","[0.5792786143752076, 0.42072138562479244]","[0.5923311187087398, 0.4076688812912602]",D614G
0.1,0.1,"['7KE6', '7KE9']","[0.5027348885234997, 0.49726511147650054]","[0.4680489267993564, 0.5319510732006436]",D614G
0.1,0.1,"['7KE6', '7KEA']","[0.5238549561990955, 0.4761450438009044]","[0.5023410686410383, 0.49765893135896166]",D614G
0.1,0.1,"['7KE6', '7KEB']","[0.5635248582010086, 0.4364751417989914]","[0.5667521267489208, 0.43324787325107916]",D614G
0.1,0.1,"['7KE6', '7KEC']","[0.5550257749451837, 0.4449742250548162]","[0.5529523713215374, 0.4470476286784626]",D614G
0.1,0.1,"['7KE7', '7KDL']","[0.5378429204013456, 0.4621570795986544]","[0.5250529869865553, 0.47494701301344466]",D614G
0.1,0.1,"['7KE7', '7KE9']","[0.4938927312072683, 0.5061072687927316]","[0.45369213033771305, 0.546307869662287]",D614G
0.1,0.1,"['7KE7', '7KEA']","[0.5194909560484818, 0.4805090439515182]","[0.4952553473990138, 0.5047446526009862]",D614G
0.1,0.1,"['7KE7', '7KEB']","[0.5291042080060038, 0.4708957919939962]","[0.5108641515350008, 0.4891358484649992]",D614G
0.1,0.1,"['7KE7', '7KEC']","[0.6093878637129458, 0.39061213628705393]","[0.6412187768780053, 0.3587812231219946]",D614G
0.1,0.1,"['7KE8', '7KDL']","[0.5868005995293473, 0.41319940047065273]","[0.6045443836375657, 0.39545561636243437]",D614G
0.1,0.1,"['7KE8', '7KE9']","[0.5573372305903576, 0.4426627694096424]","[0.5567054258127713, 0.44329457418722873]",D614G
0.1,0.1,"['7KE8', '7KEA']","[0.5272270926445839, 0.47277290735541627]","[0.5078163248321824, 0.4921836751678176]",D614G
0.1,0.1,"['7KE8', '7KEB']","[0.6147530945318724, 0.3852469054681278]","[0.6499301720819411, 0.35006982791805885]",D614G
0.1,0.1,"['7KE8', '7KEC']","[0.5640270809175412, 0.4359729190824588]","[0.5675675735976707, 0.43243242640232926]",D614G
0.1,0.1,"['7KRQ', '7KRR']","[0.6989588324475419, 0.301041167552458]","[0.7866529872187609, 0.21334701278123908]",D614G
0.1,0.1,"['7KRS', '7KRR']","[0.6590136993223472, 0.3409863006776528]","[0.7217950430088171, 0.27820495699118286]",D614G
0.1,0.1,"['7LWI', '7LWM']","[0.5760384291484627, 0.4239615708515373]","[0.5870701085123924, 0.41292989148760756]",D614G
0.1,0.1,"['7LWI', '7LWN']","[0.5545950460374265, 0.44540495396257346]","[0.5522530072367722, 0.4477469927632278]",D614G
0.1,0.1,"['7LWI', '7LWO']","[0.5699716162560986, 0.4300283837439013]","[0.5772195715052462, 0.42278042849475383]",D614G
0.1,0.1,"['7TGY', '7TGX']","[0.6083993834177154, 0.3916006165822847]","[0.6396138053877425, 0.36038619461225757]",D614G
0.1,0.1,"['8P9Y', '8P99']","[0.5600777745867893, 0.43992222541321074]","[0.5611551806569566, 0.43884481934304337]",D614G
0.1,0.1,"['7SBK', '7SBL']","[0.7015196809719781, 0.29848031902802197]","[0.7908109748816745, 0.20918902511832554]",Delta
0.1,0.1,"['7SBK', '7SBO']","[0.7209832621817335, 0.27901673781826664]","[0.8224135198092768, 0.17758648019072315]",Delta
0.1,0.1,"['7TOU', '7TOV']","[0.48495535581457766, 0.5150446441854224]","[0.43918073059382656, 0.5608192694061734]",Delta
0.1,0.1,"['7TOU', '7TP7']","[0.5250317720140365, 0.4749682279859635]","[0.504251835948575, 0.495748164051425]",Delta
0.1,0.1,"['7TOU', '7TP8']","[0.5137041430885528, 0.4862958569114472]","[0.48585943949373434, 0.5141405605062657]",Delta
0.1,0.1,"['7TOU', '7TP9']","[0.5251023854183988, 0.47489761458160124]","[0.5043664892212589, 0.495633510778741]",Delta
0.1,0.1,"['7TOU', '7TPA']","[0.5202472201096245, 0.47975277989037557]","[0.4964832750199294, 0.5035167249800706]",Delta
0.1,0.1,"['7TOU', '7TPC']","[0.47244595746870377, 0.5275540425312963]","[0.4188695237823785, 0.5811304762176215]",Delta
0.1,0.1,"['7TOU', '7TPE']","[0.4255316662972407, 0.5744683337027594]","[0.3426959266157029, 0.6573040733842971]",Delta
0.1,0.1,"['7TOU', '7TPF']","[0.45629622381173673, 0.5437037761882635]","[0.39264759278402195, 0.607352407215978]",Delta
0.1,0.1,"['7TOU', '7TPH']","[0.5999896131372304, 0.4000103868627695]","[0.6259590652730799, 0.3740409347269201]",Delta
0.1,0.1,"['7TOX', '7TOV']","[0.5334716049620244, 0.4665283950379756]","[0.5179553880876111, 0.4820446119123889]",Delta
0.1,0.1,"['7TOX', '7TP7']","[0.5215679747820614, 0.4784320252179386]","[0.49862775236067214, 0.5013722476393279]",Delta
0.1,0.1,"['7TOX', '7TP8']","[0.469379537289839, 0.530620462710161]","[0.41389065168144645, 0.5861093483185535]",Delta
0.1,0.1,"['7TOX', '7TP9']","[0.5440191323698113, 0.45598086763018875]","[0.5350811526212538, 0.4649188473787463]",Delta
0.1,0.1,"['7TOX', '7TPA']","[0.5104507633329834, 0.4895492366670165]","[0.48057700566082795, 0.519422994339172]",Delta
0.1,0.1,"['7TOX', '7TPC']","[0.538603307256228, 0.461396692743772]","[0.5262876086877114, 0.4737123913122886]",Delta
0.1,0.1,"['7TOX', '7TPE']","[0.4936085668411494, 0.5063914331588506]","[0.4532307395458377, 0.5467692604541623]",Delta
0.1,0.1,"['7TOX', '7TPF']","[0.48289254660074005, 0.5171074533992599]","[0.4358313972848722, 0.5641686027151278]",Delta
0.1,0.1,"['7TOX', '7TPH']","[0.5608118755553451, 0.4391881244446548]","[0.5623471226017697, 0.43765287739823033]",Delta
0.1,0.1,"['7TOY', '7TOV']","[0.5887609494702096, 0.4112390505297904]","[0.607727356309053, 0.39227264369094705]",Delta
0.1,0.1,"['7TOY', '7TP7']","[0.5636808796629884, 0.4363191203370116]","[0.567005455014092, 0.43299454498590795]",Delta
0.1,0.1,"['7TOY', '7TP8']","[0.5107621753790486, 0.48923782462095144]","[0.48108263785002836, 0.5189173621499716]",Delta
0.1,0.1,"['7TOY', '7TP9']","[0.5310321120800754, 0.4689678879199248]","[0.5139944426392102, 0.4860055573607898]",Delta
0.1,0.1,"['7TOY', '7TPA']","[0.5823381295253092, 0.41766187047469083]","[0.5972987792818776, 0.4027012207181224]",Delta
0.1,0.1,"['7TOY', '7TPC']","[0.5290370612403901, 0.47096293875961004]","[0.5107551269596062, 0.48924487304039377]",Delta
0.1,0.1,"['7TOY', '7TPE']","[0.5456254335335964, 0.45437456646640356]","[0.5376892648770979, 0.46231073512290216]",Delta
0.1,0.1,"['7TOY', '7TPF']","[0.4945819271245979, 0.5054180728754021]","[0.45481116103954555, 0.5451888389604544]",Delta
0.1,0.1,"['7TOY', '7TPH']","[0.5938970835207695, 0.40610291647923047]","[0.6160667726445038, 0.3839332273554962]",Delta
0.1,0.1,"['7TOZ', '7TOV']","[0.4881767270893714, 0.5118232729106287]","[0.44441119303252374, 0.5555888069674763]",Delta
0.1,0.1,"['7TOZ', '7TP7']","[0.5391824991834147, 0.46081750081658535]","[0.5272280285777287, 0.4727719714222713]",Delta
0.1,0.1,"['7TOZ', '7TP8']","[0.46646153090614967, 0.5335384690938505]","[0.4091527554615382, 0.5908472445384618]",Delta
0.1,0.1,"['7TOZ', '7TP9']","[0.537896130354882, 0.4621038696451181]","[0.5251393826980693, 0.4748606173019307]",Delta
0.1,0.1,"['7TOZ', '7TPA']","[0.4994426722602338, 0.5005573277397664]","[0.46270343507047074, 0.5372965649295293]",Delta
0.1,0.1,"['7TOZ', '7TPC']","[0.5776834462471132, 0.42231655375288646]","[0.5897410828930334, 0.4102589171069666]",Delta
0.1,0.1,"['7TOZ', '7TPE']","[0.5565087903416056, 0.4434912096583943]","[0.5553603074659023, 0.44463969253409774]",Delta
0.1,0.1,"['7TOZ', '7TPF']","[0.515776035231962, 0.48422396476803803]","[0.4892235205352241, 0.5107764794647759]",Delta
0.1,0.1,"['7TOZ', '7TPH']","[0.6459837553145795, 0.3540162446854207]","[0.7006386388264646, 0.2993613611735354]",Delta
0.1,0.1,"['7TP0', '7TOV']","[0.4733869957926955, 0.5266130042073045]","[0.42039746489414265, 0.5796025351058574]",Delta
0.1,0.1,"['7TP0', '7TP7']","[0.576064540532983, 0.4239354594670173]","[0.5871125049343832, 0.41288749506561684]",Delta
0.1,0.1,"['7TP0', '7TP8']","[0.4949960028403485, 0.5050039971596515]","[0.45548348574019615, 0.5445165142598039]",Delta
0.1,0.1,"['7TP0', '7TP9']","[0.5331677535143975, 0.4668322464856025]","[0.5174620318587926, 0.48253796814120736]",Delta
0.1,0.1,"['7TP0', '7TPA']","[0.5442706391822829, 0.4557293608177171]","[0.5354895181350344, 0.4645104818649656]",Delta
0.1,0.1,"['7TP0', '7TPC']","[0.5132112352628935, 0.48678876473710647]","[0.4850591170074615, 0.5149408829925385]",Delta
0.1,0.1,"['7TP0', '7TPE']","[0.4853628981944766, 0.5146371018055235]","[0.43984244727545163, 0.5601575527245484]",Delta
0.1,0.1,"['7TP0', '7TPF']","[0.4563174480211761, 0.543682551978824]","[0.3926820540183207, 0.6073179459816793]",Delta
0.1,0.1,"['7TP0', '7TPH']","[0.5621481324558781, 0.437851867544122]","[0.56451677053443, 0.43548322946557005]",Delta
0.1,0.1,"['7TP1', '7TOV']","[0.5020386098211883, 0.49796139017881186]","[0.46691839595126683, 0.5330816040487332]",Delta
0.1,0.1,"['7TP1', '7TP7']","[0.5415896669857783, 0.4584103330142217]","[0.5311364885781087, 0.46886351142189137]",Delta
0.1,0.1,"['7TP1', '7TP8']","[0.47625342977928375, 0.5237465702207162]","[0.4250516242632191, 0.5749483757367809]",Delta
0.1,0.1,"['7TP1', '7TP9']","[0.5216095227537201, 0.4783904772462798]","[0.4986952127949492, 0.5013047872050508]",Delta
0.1,0.1,"['7TP1', '7TPA']","[0.5223885322350103, 0.47761146776498975]","[0.4999600716031093, 0.5000399283968907]",Delta
0.1,0.1,"['7TP1', '7TPC']","[0.5049367977005943, 0.4950632022994056]","[0.47162411334625776, 0.5283758866537422]",Delta
0.1,0.1,"['7TP1', '7TPE']","[0.49932017822097574, 0.5006798217790241]","[0.462504544468721, 0.537495455531279]",Delta
0.1,0.1,"['7TP1', '7TPF']","[0.4731395010717335, 0.5268604989282666]","[0.4199956137160755, 0.5800043862839245]",Delta
0.1,0.1,"['7TP1', '7TPH']","[0.5357178811996367, 0.4642821188003633]","[0.5216026123550224, 0.4783973876449777]",Delta
0.1,0.1,"['7TP2', '7TOV']","[0.5277126278585921, 0.4722873721414079]","[0.508604676587662, 0.49139532341233805]",Delta
0.1,0.1,"['7TP2', '7TP7']","[0.6135824928752407, 0.3864175071247593]","[0.6480294945525928, 0.3519705054474071]",Delta
0.1,0.1,"['7TP2', '7TP8']","[0.495518231852364, 0.5044817681476359]","[0.45633141632588137, 0.5436685836741186]",Delta
0.1,0.1,"['7TP2', '7TP9']","[0.5924023575015487, 0.4075976424984513]","[0.6136398222458173, 0.38636017775418274]",Delta
0.1,0.1,"['7TP2', '7TPA']","[0.6246581950979548, 0.37534180490204533]","[0.666012843727956, 0.333987156272044]",Delta
0.1,0.1,"['7TP2', '7TPC']","[0.5452253686584075, 0.4547746313415924]","[0.5370396892385831, 0.4629603107614169]",Delta
0.1,0.1,"['7TP2', '7TPE']","[0.5338219727418531, 0.46617802725814683]","[0.5185242717572655, 0.48147572824273455]",Delta
0.1,0.1,"['7TP2', '7TPF']","[0.5347251309453507, 0.46527486905464943]","[0.5199907078357635, 0.4800092921642365]",Delta
0.1,0.1,"['7TP2', '7TPH']","[0.6211345270219184, 0.37886547297808154]","[0.6602915493020832, 0.3397084506979168]",Delta
0.1,0.1,"['7V7N', '7V7O']","[0.45275921204967806, 0.5472407879503219]","[0.38690463253866436, 0.6130953674613356]",Delta
0.1,0.1,"['7V7N', '7V7P']","[0.4588952659588037, 0.5411047340411965]","[0.39686759450601994, 0.6031324054939801]",Delta
0.1,0.1,"['7V7N', '7V7Q']","[0.44298020145998074, 0.5570197985400192]","[0.3710266901303314, 0.6289733098696686]",Delta
0.1,0.1,"['7V7N', '7V7R']","[0.4523772344860094, 0.5476227655139906]","[0.3862844248293491, 0.6137155751706509]",Delta
0.1,0.1,"['7V7N', '7V7S']","[0.46043714692195853, 0.5395628530780414]","[0.3993711092439294, 0.6006288907560706]",Delta
0.1,0.1,"['7W94', '7W92']","[0.4816381631402594, 0.5183618368597405]","[0.43379468527185316, 0.5662053147281468]",Delta
0.1,0.1,"['7WWL', '7WWM']","[0.5682591384948333, 0.43174086150516655]","[0.5744390628822605, 0.42556093711773946]",Delta
0.1,0.1,"['7SBP', '7SBR']","[0.6501390483134964, 0.34986095168650366]","[0.7073854873262571, 0.29261451267374294]",Kappa
0.1,0.1,"['7V7D', '7V7E']","[0.6289273762017228, 0.3710726237982772]","[0.6729446095824473, 0.3270553904175527]",Kappa
0.1,0.1,"['7V7D', '7V7F']","[0.580645359672604, 0.41935464032739594]","[0.5945502699122147, 0.40544973008778523]",Kappa
0.1,0.1,"['7VXI', '7VXE']","[0.5693853277887235, 0.4306146722112765]","[0.5762676291349761, 0.4237323708650239]",Kappa
0.1,0.1,"['6WPS', '6WPT']","[0.4167528186884316, 0.5832471813115683]","[0.32844192459109567, 0.6715580754089043]",WT
0.1,0.1,"['6XF5', '6XF6']","[0.6636021957414573, 0.3363978042585424]","[0.7292452733992241, 0.27075472660077593]",WT
0.1,0.1,"['6XLU', '6XM0']","[0.5073114211252595, 0.4926885788747406]","[0.47547973182958714, 0.5245202681704129]",WT
0.1,0.1,"['6XLU', '6XM3']","[0.5021006652047942, 0.4978993347952058]","[0.46701915377313286, 0.5329808462268671]",WT
0.1,0.1,"['6XLU', '6XM4']","[0.5481511341074721, 0.45184886589252793]","[0.5417901836648269, 0.45820981633517305]",WT
0.1,0.1,"['6XM5', '6XM0']","[0.6237543919950488, 0.37624560800495105]","[0.6645453605419238, 0.33545463945807624]",WT
0.1,0.1,"['6XM5', '6XM3']","[0.5854390442375436, 0.41456095576245644]","[0.6023336593203431, 0.3976663406796569]",WT
0.1,0.1,"['6XM5', '6XM4']","[0.5862332724755621, 0.41376672752443777]","[0.6036232284548338, 0.39637677154516615]",WT
0.1,0.1,"['6ZGI', '6ZGG']","[0.629869840310644, 0.37013015968935603]","[0.6744748657066341, 0.32552513429336594]",WT
0.1,0.1,"['7CWL', '7CWM']","[0.40911634154452564, 0.5908836584554744]","[0.3160427617942747, 0.6839572382057253]",WT
0.1,0.1,"['7DDD', '7DD8']","[0.5821097572172482, 0.4178902427827517]","[0.5969279767020266, 0.40307202329797337]",WT
0.1,0.1,"['7DDD', '7DDN']","[0.6012704288506764, 0.39872957114932334]","[0.628038694694405, 0.371961305305595]",WT
0.1,0.1,"['7DF3', '7DF4']","[0.5592517217399008, 0.4407482782600993]","[0.5598139386766121, 0.44018606132338794]",WT
0.1,0.1,"['7DF3', '7DK3']","[0.63002202097787, 0.36997797902213003]","[0.6747219577664813, 0.32527804223351875]",WT
0.1,0.1,"['7DWY', '7DWZ']","[0.4992049819595785, 0.5007950180404216]","[0.4623175030919534, 0.5376824969080466]",WT
0.1,0.1,"['7DWY', '7DX0']","[0.4939779962990052, 0.5060220037009948]","[0.4538305731999659, 0.5461694268000341]",WT
0.1,0.1,"['7DWY', '7DX3']","[0.49262915544428765, 0.5073708445557124]","[0.4516404930059864, 0.5483595069940136]",WT
0.1,0.1,"['7FB0', '7FB3']","[0.6359191716920589, 0.36408082830794086]","[0.684297018408281, 0.31570298159171895]",WT
0.1,0.1,"['7JWY', '6XM0']","[0.5499056506169404, 0.4500943493830596]","[0.544638949584066, 0.45536105041593394]",WT
0.1,0.1,"['7JWY', '6XM3']","[0.513246142083069, 0.4867538579169312]","[0.4851157943650857, 0.5148842056349143]",WT
0.1,0.1,"['7JWY', '6XM4']","[0.5914906452022545, 0.40850935479774536]","[0.6121594970893631, 0.38784050291063693]",WT
0.1,0.1,"['7K8S', '7K8T']","[0.5750849032429868, 0.4249150967570131]","[0.5855218916173264, 0.4144781083826736]",WT
0.1,0.1,"['7K8S', '7K8X']","[0.49310169683026245, 0.5068983031697376]","[0.4524077469979154, 0.5475922530020846]",WT
0.1,0.1,"['7K9J', '7K9H']","[0.5121437515853758, 0.48785624841462427]","[0.48332586964076785, 0.5166741303592322]",WT
0.1,0.1,"['7KDG', '7KDH']","[0.49782988452454147, 0.5021701154754584]","[0.4600847907250841, 0.5399152092749159]",WT
0.1,0.1,"['7L56', '7L58']","[0.6398343403236112, 0.3601656596763888]","[0.6906539827944523, 0.30934601720554766]",WT
0.1,0.1,"['7L57', '7L58']","[0.5867210950901007, 0.4132789049098992]","[0.6044152942070978, 0.39558470579290217]",WT
0.1,0.1,"['7M6E', '7M6G']","[0.4668296465748235, 0.5331703534251764]","[0.40975045594802384, 0.5902495440519762]",WT
0.1,0.1,"['7MW2', '7MW3']","[0.5682660549754737, 0.4317339450245262]","[0.5744502930041904, 0.42554970699580963]",WT
0.1,0.1,"['7ND7', '7ND3']","[0.5189050384465175, 0.4810949615534829]","[0.49430400719391954, 0.5056959928060805]",WT
0.1,0.1,"['7ND7', '7ND5']","[0.5116769007808897, 0.4883230992191102]","[0.48256785530803736, 0.5174321446919626]",WT
0.1,0.1,"['7ND7', '7ND6']","[0.5145461144183727, 0.48545388558162705]","[0.48722652792888077, 0.5127734720711192]",WT
0.1,0.1,"['7ND7', '7ND9']","[0.5133079689275066, 0.4866920310724934]","[0.485216181113445, 0.514783818886555]",WT
0.1,0.1,"['7ND7', '7NDB']","[0.4980366441792712, 0.5019633558207288]","[0.4604205013637067, 0.5395794986362933]",WT
0.1,0.1,"['7ND7', '7NDD']","[0.4398508652211297, 0.5601491347788701]","[0.3659456627481611, 0.6340543372518389]",WT
0.1,0.1,"['7ND8', '7ND3']","[0.5292438217353543, 0.4707561782646456]","[0.5110908389624975, 0.4889091610375025]",WT
0.1,0.1,"['7ND8', '7ND5']","[0.5036994231717603, 0.4963005768282397]","[0.4696150183231821, 0.5303849816768179]",WT
0.1,0.1,"['7ND8', '7ND6']","[0.5377110101805113, 0.4622889898194889]","[0.5248388075590694, 0.4751611924409306]",WT
0.1,0.1,"['7ND8', '7ND9']","[0.5050301036695873, 0.4949698963304128]","[0.4717756119859652, 0.5282243880140348]",WT
0.1,0.1,"['7ND8', '7NDB']","[0.5001195865978081, 0.4998804134021918]","[0.46380252446901427, 0.5361974755309857]",WT
0.1,0.1,"['7ND8', '7NDD']","[0.4970860084969821, 0.5029139915030181]","[0.45887697725395715, 0.5411230227460428]",WT
0.1,0.1,"['7NDA', '7ND3']","[0.5659496918084318, 0.4340503081915685]","[0.570689270288679, 0.429310729711321]",WT
0.1,0.1,"['7NDA', '7ND5']","[0.5388708372941007, 0.4611291627058992]","[0.5267219907241025, 0.4732780092758975]",WT
0.1,0.1,"['7NDA', '7ND6']","[0.5597814502165874, 0.4402185497834129]","[0.5606740459612636, 0.4393259540387365]",WT
0.1,0.1,"['7NDA', '7ND9']","[0.5632836938296565, 0.436716306170343]","[0.5663605540060401, 0.43363944599395987]",WT
0.1,0.1,"['7NDA', '7NDB']","[0.5363219704979304, 0.4636780295020697]","[0.5225834575028844, 0.4774165424971156]",WT
0.1,0.1,"['7NDA', '7NDD']","[0.4887242668319464, 0.5112757331680535]","[0.44530022003777514, 0.5546997799622249]",WT
0.1,0.1,"['7NDC', '7ND3']","[0.4687901409593071, 0.5312098590406932]","[0.4129336631491167, 0.5870663368508833]",WT
0.1,0.1,"['7NDC', '7ND5']","[0.46344188894704175, 0.5365581110529583]","[0.4042498360219158, 0.5957501639780842]",WT
0.1,0.1,"['7NDC', '7ND6']","[0.4304451580458014, 0.5695548419541987]","[0.35067384404322466, 0.6493261559567753]",WT
0.1,0.1,"['7NDC', '7ND9']","[0.43655941037816237, 0.5634405896218373]","[0.36060140731895396, 0.639398592681046]",WT
0.1,0.1,"['7NDC', '7NDB']","[0.5018212902134666, 0.4981787097865335]","[0.4665655393729906, 0.5334344606270094]",WT
0.1,0.1,"['7NDC', '7NDD']","[0.650677043092283, 0.34932295690771703]","[0.7082590164052169, 0.29174098359478307]",WT
0.1,0.1,"['7NT9', '7NTA']","[0.6326947991357502, 0.3673052008642499]","[0.6790616828615521, 0.32093831713844795]",WT
0.1,0.1,"['7R8N', '7R8M']","[0.5391658526397863, 0.46083414736021366]","[0.5272009999884247, 0.47279900001157527]",WT
0.1,0.1,"['7R8O', '7R8M']","[0.5116742078089291, 0.488325792191071]","[0.48256348279475436, 0.5174365172052456]",WT
0.1,0.1,"['7RU1', '7RU3']","[0.7508615841243715, 0.2491384158756287]","[0.870926226765812, 0.129073773234188]",WT
0.1,0.1,"['7RU2', '7RU3']","[0.7283180784606782, 0.27168192153932214]","[0.8343228831732439, 0.16567711682675618]",WT
0.1,0.1,"['7UAP', '7UAR']","[0.43021987086801183, 0.5697801291319882]","[0.35030805071459836, 0.6496919492854016]",WT
0.1,0.1,"['7VRW', '7VRV']","[0.5407544404666256, 0.4592455595333743]","[0.5297803515285189, 0.47021964847148107]",WT
0.1,0.1,"['7WGV', '7WGZ']","[0.3393328578086533, 0.6606671421913468]","[0.20273701111041909, 0.7972629888895809]",WT
0.1,0.1,"['7WGX', '7WGZ']","[0.5231878384988786, 0.4768121615011213]","[0.5012578858050587, 0.4987421141949413]",WT
0.1,0.1,"['7WS0', '7WS1']","[0.6537407847530691, 0.3462592152469308]","[0.713233539461284, 0.286766460538716]",WT
0.1,0.1,"['8H3E', '8H3D']","[0.5142779458831312, 0.4857220541168687]","[0.48679110917979196, 0.513208890820208]",WT
0.1,0.1,"['8IOS', '8IOU']","[0.5519325684907694, 0.44806743150923073]","[0.5479300069944122, 0.4520699930055878]",XBB1
0.1,0.1,"['8IOT', '8IOU']","[0.5988390825157344, 0.40116091748426574]","[0.6240909765968711, 0.37590902340312893]",XBB1